user,gender
00266,Male
00273,Male
00294,Male
00610,Male
00640,Female
00741,Male
00794,Male
00797,Male
00817,Male
00849,Male
01021,Male
01024,Male
01127,Male
01128,Male
01152,Male
01214,Female
01280,Male
01503,Male
01509,Female
01562,Male
01616,Female
01728,Male
01855,Female
01864,Male
01983,Male
01984,Female
01997,Male
02006,Female
02133,Female
02169,Male
02189,Male
02231,Female
02309,Male
02441,Female
02473,Male
02552,Female
02601,Male
02649,Male
02703,Male
02823,Female
02964,Female
03052,Male
03146,Female
03180,Male
03281,Male
03300,Female
03341,Male
03410,Male
03568,Female
03600,Male
03738,Male
04101,Female
04275,Male
04563,Male
04781,Female
04785,Male
04901,Male
05085,Female
05325,Male
05389,Female
05470,Male
05483,Female
05573,Male
05594,Male
05625,Male
05880,Male
05932,Male
05939,Male
05991,Male
06036,Male
06205,Female
06321,Female
06365,Male
06556,Male
06690,Male
06754,Male
06796,Female
07253,Male
07371,Male
07389,Female
07416,Male
07493,Male
07526,Male
07678,Male
07888,Male
07961,Male
07979,Male
07996,Male
08011,Male
08088,Male
08091,Male
08114,Male
08168,Male
08178,Male
08355,Male
08466,Male
08665,Male
08690,Male
08863,Male
08933,Male
09192,Male
09511,Male
09732,Male
09751,Male
09955,Female
12719,Male
12755,Male
13394,Male
14941,Male
19485,Male
27265,Female
29517,Male
46819,Female
50159,Female
00146,Male
00449,Male
01594,Male
02214,Male
03559,Male
04879,Female
06381,Male
07061,Male
08138,Female
08780,Male
09691,Male
09898,Male
10811,Male
13157,Female
15092,Female
15322,Female
22228,Male
25944,Male
26794,Female
28880,Female
31162,Female
32759,Male
40314,Male
44917,Male
08079,Male
sikshana,M
